Email Address,COMPANY,CITY,DEMOURL
info@wiredtogether.com,1 800 Plumber+air Pacific Nw; Wired Together Electric,Beaverton,https://canyon-ridge-demo.vercel.app/biz/1-800-plumber-air-pacific-nw-wired-together-electric/
mike@3brothershomesolutions.com,3 Brothers Home Solutions,Portland,https://canyon-ridge-demo.vercel.app/biz/3-brothers-home-solutions/
contact@360-electric.com,360 Electric INC,Harrisburg,https://canyon-ridge-demo.vercel.app/biz/360-electric-inc/
help@4security.org,A & E Security & Electronic Solutions; A & E Technology And,Mcminnville,https://canyon-ridge-demo.vercel.app/biz/a-and-e-security-and-electronic-solutions-a-and-e-technology/
leeann@aandj-electric.com,A & J Electric INC,Forest Grove,https://canyon-ridge-demo.vercel.app/biz/a-and-j-electric-inc/
info@a-rsolar.com,A And R Solar SPC,Tualatin,https://canyon-ridge-demo.vercel.app/biz/a-and-r-solar-spc/
aaronhodgeelectric@gmail.com,Aaron Hodge Electric,Brookings,https://canyon-ridge-demo.vercel.app/biz/aaron-hodge-electric/
abelectric955@gmail.com,Ab Electric CO,North Plains,https://canyon-ridge-demo.vercel.app/biz/ab-electric-co/
abiquaelectric@gmail.com,Abiqua Electric LLC,Brooks,https://canyon-ridge-demo.vercel.app/biz/abiqua-electric-llc/
info@aboveboardoregon.com,Aboveboard Electric INC,Newport,https://canyon-ridge-demo.vercel.app/biz/aboveboard-electric-inc/
info@acandeelectric.com,Ac&e Electric; Peci,Aurora,https://canyon-ridge-demo.vercel.app/biz/acande-electric-peci/