Company,City,State,Zip,License #,Website,Phone,Email,Demo URL,Notes
1 800 Plumber+air Pacific Nw; Wired Together Electric,Beaverton,OR,97005,C1942,https://wiredtogether.com/,(971) 979-4733,info@wiredtogether.com,https://canyon-ridge-demo.vercel.app/biz/1-800-plumber-air-pacific-nw-wired-together-electric/,"Dual-brand entity (plumbing+electrical, same owner/address) — matched to the electrical-specific brand 'Wired Together Electric'."
3 Brothers Home Solutions,Portland,OR,97267,C2137,https://3brothershomesolutions.com/,971-340-6837,mike@3brothershomesolutions.com,https://canyon-ridge-demo.vercel.app/biz/3-brothers-home-solutions/,High confidence.
360 Electric INC,Harrisburg,OR,97446,C868,https://www.360-electric.com/,(541) 514-8028,contact@360-electric.com,https://canyon-ridge-demo.vercel.app/biz/360-electric-inc/,"High confidence — corroborated by BBB, Chamber, BuildZoom."
3RD Rock Electric LLC,Madras,OR,97741,C2038,https://electricianmadras.com/,(458) 262-6889,,https://canyon-ridge-demo.vercel.app/biz/3rd-rock-electric-llc/,No published email — contact form only.
4 Point Electric LLC,Springfield,OR,97478,C1678,https://4pointelectric.com/,(541) 632-6545,,https://canyon-ridge-demo.vercel.app/biz/4-point-electric-llc/,High confidence on ID/phone (CCB #239271 active); no email published.
4G Electric,Albany,OR,97322,C1969,,(541) 936-4133,,https://canyon-ridge-demo.vercel.app/biz/4g-electric/,"Operates as a DBA of McLain Electric Inc; matched via BuildZoom permit record, no independent site."
4S Electrical Contractors LLC,Yamhill,OR,97148,C1631,,,,https://canyon-ridge-demo.vercel.app/biz/4s-electrical-contractors-llc/,Confirmed to exist via CCB #231151 only — no phone/site/listing found anywhere.
5 Star Electric INC,Salem,OR,97302,C339,,(503) 851-4360,,https://canyon-ridge-demo.vercel.app/biz/5-star-electric-inc/,Matched via BBB profile (owner Frances Turner) + Yelp/BuildZoom. No email published.
84 Electric,Portland,OR,97293,C567,,,,https://canyon-ridge-demo.vercel.app/biz/84-electric/,FLAG: could not locate this business at all in Portland OR — recommend verifying legal name/CCB# before outreach.
A & A Electrical Contractors INC,Salem,OR,97306,36-38C,,(503) 949-3193,,https://canyon-ridge-demo.vercel.app/biz/a-and-a-electrical-contractors-inc/,"High confidence on ID/phone (BBB, in business since 1984); no site found, relies on directories."
A & E Security & Electronic Solutions; A & E Technology And,Mcminnville,OR,97128,C1919,https://www.4security.org,(503) 472-6439,help@4security.org,https://canyon-ridge-demo.vercel.app/biz/a-and-e-security-and-electronic-solutions-a-and-e-technology/,High confidence — operates under brand '4security'.
A & J Electric INC,Forest Grove,OR,97116-0330,34-1C,https://www.aandj-electric.com,(503) 359-5891,leeann@aandj-electric.com,https://canyon-ridge-demo.vercel.app/biz/a-and-j-electric-inc/,"High confidence — CCB #959 active, matches IBEW Local 48 directory."
A And R Solar SPC,Tualatin,OR,97062,C1179,https://www.a-rsolar.com,(503) 420-8680,info@a-rsolar.com,https://canyon-ridge-demo.vercel.app/biz/a-and-r-solar-spc/,Tualatin branch of a Seattle-HQ'd company.
A Temp Heating & Cooling INC,Clackamas,OR,97015,C55,https://www.atempheating.com,(503) 694-3396,,https://canyon-ridge-demo.vercel.app/biz/a-temp-heating-and-cooling-inc/,"High confidence on ID; no general business email published (only a data-broker-sourced individual email, excluded)."
A-Tech Electric LLC,Culver,OR,97734,C1089,,(503) 781-3946,,https://canyon-ridge-demo.vercel.app/biz/a-tech-electric-llc/,"LOW CONFIDENCE — directories show this Culver, OR phone, but the apparent matching website (atechelectricpdx.com, email jim@atechelectricpdx.com) is Portland-based with a different phone. Could be same owner/different location or two unrelated businesses. Verify by phone before emailing."
AC Electric Energy,La Grande,OR,97850,C1519,,(541) 963-2024,,https://canyon-ridge-demo.vercel.app/biz/ac-electric-energy/,Single-source match (Procore listing) — no independent site/BBB/Yelp found.
Aaken CORP,Bend,OR,97701,C194,,(541) 330-9545,,https://canyon-ridge-demo.vercel.app/biz/aaken-corp/,Phone high-confidence (BBB/Yelp/Yellow Pages consistent). Listed domain aakencorp.com currently has an SSL/host mismatch — do not link to it.
Aaron Hodge Electric,Brookings,OR,97415,C2135,,(541) 661-2337,aaronhodgeelectric@gmail.com,https://canyon-ridge-demo.vercel.app/biz/aaron-hodge-electric/,Phone confirmed via BBB directly. Email came from a search snippet (source page returned 403) — light sanity-check recommended before relying on it.
Ab Electric CO,North Plains,OR,97133,34-35C,,(503) 314-7174,abelectric955@gmail.com,https://canyon-ridge-demo.vercel.app/biz/ab-electric-co/,Matched via IBEW Local 48 official contractor directory.
Abc Electric,Tualatin,OR,97062,26-1226C,http://www.abc-electric.net/,(503) 233-7551,,https://canyon-ridge-demo.vercel.app/biz/abc-electric/,"High confidence (family-owned since 1954, CCB #161501). Site has no published email, phone-only."
Abiqua Electric LLC,Brooks,OR,97305,24-459C,https://www.abiquaelectricllc.com,(503) 390-0831,abiquaelectric@gmail.com,https://canyon-ridge-demo.vercel.app/biz/abiqua-electric-llc/,High confidence — matched via own site contact page.
Abney Solar Electrix,Prineville,OR,97754,C177,https://abneysolarelectrix.com,(541) 923-6000,,https://canyon-ridge-demo.vercel.app/biz/abney-solar-electrix/,"High confidence (CCB #108442, 30+ yrs in business). No email published."
Aboveboard Electric INC,Newport,OR,97365,21-114C,https://www.aboveboardoregon.com,(541) 574-2948,info@aboveboardoregon.com,https://canyon-ridge-demo.vercel.app/biz/aboveboard-electric-inc/,"High confidence, BBB-accredited. Branded 'Aboveboard Electric & Plumbing'."
Abs Electric LLC,Oregon City,OR,97045,26-1218C,,(503) 888-7676,,https://canyon-ridge-demo.vercel.app/biz/abs-electric-llc/,No official site found. Minor phone discrepancy across directories — (503) 888-7676 is the one confirmed directly on BuildZoom.
Ac&e Electric; Peci,Aurora,OR,97002,3-246C,https://www.acandeelectric.com,(503) 363-2301,info@acandeelectric.com,https://canyon-ridge-demo.vercel.app/biz/acande-electric-peci/,"High confidence match to 'AC&E Electric Company LLC' (commercial/industrial, since 1959). The 'Peci' fragment in the directory name is unexplained/likely a data artifact — disregarded."